run_at,source,command,symbol,interval,strategy,params,window_start,window_end,setups,wins,losses,win_rate_pct,profit_factor,total_pnl_pct,avg_pnl_pct,max_dd_pct,fee_bps,notes
2026-07-14,local-replay,replay:raw,BTCUSDT,5m,sma-cross,"{""fast"":9,""slow"":21,""horizon"":12,""memoryFilter"":false}",2026-07-12 (approx),2026-07-14 (approx),20,9,11,45,,0.14,0.007,,10,First verification run; run time approximate; summary metrics from session notes (full table not retained); pre-FEE_BPS-bump at 10 bps
2026-07-14,local-replay,replay:memory,BTCUSDT,5m,sma-cross,"{""fast"":9,""slow"":21,""horizon"":12,""memoryFilter"":true,""memoryMinLosses"":2}",2026-07-12 (approx),2026-07-14 (approx),,,,,,,,,10,Memory-enabled look at the same window; skipped setups would have netted +0.376% so memory HURT this window (reported honestly); full metrics not retained
2026-07-15T03:33:00Z,local-replay,replay:raw,BTCUSDT,5m,sma-cross,"{""fast"":9,""slow"":21,""horizon"":12,""memoryFilter"":false}",2026-07-13T09:59Z,2026-07-15T03:29Z,22,4,18,18.2,0.1821,-5.683,-0.258,5.683,30,Post FEE_BPS=30 bump; ledger and learnings reseeded from this run after memory:reset
2026-07-15T03:37:00Z,tradingview-mcp,tv-strategy-tester,BINANCE:BTCUSDT,5m,sma-cross-pine,"{""fast"":9,""slow"":21,""shorts"":true,""timeExit"":false,""window"":""full""}",2026-06-21T23:20Z,2026-07-15T03:35Z,362,100,262,27.62,0.6239,-3.228,-0.0892,3.886,10,TV Strategy Tester via MCP; net% on 100k equity; avg% per ~10k position (10% equity sizing); 0.05%/side commission; fills at signal-bar close; details in trading_bot_instructions.md §3
2026-07-15T03:38:00Z,tradingview-mcp,tv-strategy-tester,BINANCE:BTCUSDT,5m,sma-cross-pine,"{""fast"":9,""slow"":21,""shorts"":true,""timeExit"":false,""window"":""in-sample""}",2026-06-21T23:20Z,2026-07-08T00:00Z,251,75,176,29.88,0.6659,-2.12,-0.0845,2.714,10,TV Strategy Tester via MCP; net% on 100k equity; avg% per ~10k position; IS window of the 70/30 split
2026-07-15T03:39:00Z,tradingview-mcp,tv-strategy-tester,BINANCE:BTCUSDT,5m,sma-cross-pine,"{""fast"":9,""slow"":21,""shorts"":true,""timeExit"":false,""window"":""out-of-sample""}",2026-07-08T00:00Z,2026-07-15T03:35Z,112,26,86,23.21,0.5194,-1.0817,-0.0966,1.4086,10,TV Strategy Tester via MCP; net% on 100k equity; avg% per ~10k position; OOS window — no tuning after seeing this run
2026-07-15T03:40:00Z,tradingview-mcp,tv-strategy-tester,BINANCE:BTCUSDT,5m,sma-cross-pine,"{""fast"":9,""slow"":21,""shorts"":false,""timeExit"":false,""window"":""in-sample""}",2026-06-21T23:20Z,2026-07-08T00:00Z,125,37,88,29.6,0.6489,-1.0959,-0.0877,1.3565,10,TV Strategy Tester via MCP; long-only variant; net% on 100k equity; avg% per ~10k position
2026-07-15T03:41:00Z,tradingview-mcp,tv-strategy-tester,BINANCE:BTCUSDT,5m,sma-cross-pine,"{""fast"":9,""slow"":21,""shorts"":false,""timeExit"":false,""window"":""out-of-sample""}",2026-07-08T00:00Z,2026-07-15T03:35Z,56,14,42,25,0.6037,-0.4663,-0.0833,0.7262,10,TV Strategy Tester via MCP; long-only variant; net% on 100k equity; avg% per ~10k position
2026-07-15T03:42:00Z,tradingview-mcp,tv-strategy-tester,BINANCE:BTCUSDT,5m,sma-cross-pine,"{""fast"":9,""slow"":21,""shorts"":true,""timeExit"":true,""exitBars"":12,""window"":""in-sample""}",2026-06-21T23:20Z,2026-07-08T00:00Z,251,89,162,35.46,0.5438,-2.4193,-0.0964,2.7001,10,TV Strategy Tester via MCP; 12-bar time-exit variant mirroring the bot horizon; net% on 100k equity; avg% per ~10k position
2026-07-15T03:43:00Z,tradingview-mcp,tv-strategy-tester,BINANCE:BTCUSDT,5m,sma-cross-pine,"{""fast"":9,""slow"":21,""shorts"":true,""timeExit"":true,""exitBars"":12,""window"":""out-of-sample""}",2026-07-08T00:00Z,2026-07-15T03:35Z,112,30,82,26.79,0.4751,-1.0001,-0.0893,1.1126,10,TV Strategy Tester via MCP; 12-bar time-exit variant; net% on 100k equity; avg% per ~10k position
2026-07-15T04:02:05.519Z,local-replay,replay:raw,BTCUSDT,5m,sma-cross,"{""fast"":9,""slow"":21,""horizon"":12,""memoryFilter"":false,""memoryMinLosses"":2}",2026-07-13T10:29:59.999Z,2026-07-15T03:59:59.999Z,22,9,13,40.9091,0.6593,-1.2826,-0.0583,2.549,10,"1 incomplete setups excluded; per-setup study, non-compounding"
2026-07-15T15:50:54.449Z,local-replay,replay:raw,BTCUSDT,5m,sma-cross,"{""fast"":9,""slow"":21,""horizon"":12,""memoryFilter"":false,""memoryMinLosses"":2,""regime"":""off""}",2026-06-24T19:59:59.999Z,2026-07-15T15:49:59.999Z,330,61,269,18.4848,0.1655,-94.0112,-0.2849,94.0112,30,"0 incomplete setups excluded; per-setup study, non-compounding"
2026-07-15T15:50:57.562Z,local-replay,replay:raw,BTCUSDT,5m,sma-cross,"{""fast"":9,""slow"":21,""horizon"":12,""memoryFilter"":false,""memoryMinLosses"":2,""regime"":""off""}",2026-06-24T19:59:59.999Z,2026-07-15T15:49:59.999Z,330,125,205,37.8788,0.5688,-28.0112,-0.0849,28.7538,10,"0 incomplete setups excluded; per-setup study, non-compounding"
2026-07-15T15:51:15.578Z,local-replay,replay:raw,BTCUSDT,5m,sma-cross,"{""fast"":9,""slow"":21,""horizon"":12,""memoryFilter"":false,""memoryMinLosses"":2,""regime"":""1h-sma50""}",2026-06-24T19:59:59.999Z,2026-07-15T15:49:59.999Z,151,28,123,18.543,0.1789,-41.4874,-0.2748,41.7351,30,"0 incomplete setups excluded; per-setup study, non-compounding; 179 setups filtered by regime"
2026-07-15T15:51:18.767Z,local-replay,replay:raw,BTCUSDT,5m,sma-cross,"{""fast"":9,""slow"":21,""horizon"":12,""memoryFilter"":false,""memoryMinLosses"":2,""regime"":""1h-sma50""}",2026-06-24T19:59:59.999Z,2026-07-15T15:49:59.999Z,151,54,97,35.7616,0.602,-11.2874,-0.0748,13.1429,10,"0 incomplete setups excluded; per-setup study, non-compounding; 179 setups filtered by regime"
2026-07-15T15:51:37.930Z,local-replay,replay:raw,BTCUSDT,5m,sma-cross,"{""fast"":9,""slow"":21,""horizon"":12,""memoryFilter"":false,""memoryMinLosses"":2,""regime"":""1h-sma200""}",2026-06-24T19:59:59.999Z,2026-07-15T15:49:59.999Z,162,31,131,19.1358,0.1656,-44.168,-0.2726,44.4156,30,"0 incomplete setups excluded; per-setup study, non-compounding; 168 setups filtered by regime"
2026-07-15T15:51:41.229Z,local-replay,replay:raw,BTCUSDT,5m,sma-cross,"{""fast"":9,""slow"":21,""horizon"":12,""memoryFilter"":false,""memoryMinLosses"":2,""regime"":""1h-sma200""}",2026-06-24T19:59:59.999Z,2026-07-15T15:49:59.999Z,162,65,97,40.1235,0.6083,-11.768,-0.0726,13.6235,10,"0 incomplete setups excluded; per-setup study, non-compounding; 168 setups filtered by regime"
2026-07-15T16:04:00Z,tradingview-mcp,tv-strategy-tester,BINANCE:BTCUSDT,5m,sma-cross-pine,"{""fast"":9,""slow"":21,""shorts"":true,""timeExit"":false,""regime"":""1h-sma50"",""window"":""in-sample""}",2026-06-22 (data start),2026-07-08T00:00Z,121,38,83,31.4,0.7407,-0.8537,-0.0706,1.4485,10,Trial 02 variant A; TV Strategy Tester via MCP; net% on 100k equity; avg% per ~10k position
2026-07-15T16:05:00Z,tradingview-mcp,tv-strategy-tester,BINANCE:BTCUSDT,5m,sma-cross-pine,"{""fast"":9,""slow"":21,""shorts"":true,""timeExit"":false,""regime"":""1h-sma50"",""window"":""out-of-sample""}",2026-07-08T00:00Z,2026-07-15T16:00Z,57,17,40,29.82,0.6925,-0.3316,-0.0582,0.6248,10,Trial 02 variant A OOS — FAILS gate (PF>1.1); no tuning after this run
2026-07-15T16:06:00Z,tradingview-mcp,tv-strategy-tester,BINANCE:BTCUSDT,5m,sma-cross-pine,"{""fast"":9,""slow"":21,""shorts"":true,""timeExit"":false,""regime"":""1h-sma200"",""window"":""in-sample""}",2026-06-22 (data start),2026-07-08T00:00Z,123,39,84,31.71,0.8141,-0.6086,-0.0495,1.3836,10,Trial 02 variant B; TV Strategy Tester via MCP; net% on 100k equity; avg% per ~10k position
2026-07-15T16:07:00Z,tradingview-mcp,tv-strategy-tester,BINANCE:BTCUSDT,5m,sma-cross-pine,"{""fast"":9,""slow"":21,""shorts"":true,""timeExit"":false,""regime"":""1h-sma200"",""window"":""out-of-sample""}",2026-07-08T00:00Z,2026-07-15T16:00Z,58,14,44,24.14,0.4505,-0.6925,-0.1194,0.8482,10,Trial 02 variant B OOS — FAILS gate; IS PF 0.81 collapsed to 0.45 OOS (classic in-sample mirage)
2026-07-15T16:09:52.093Z,local-replay,replay:raw,BTCUSDT,5m,donchian-breakout INTERVAL=1h REPLAY_CANDLES=9600 EVAL_HORIZON=24 FEE_BPS=30 REPLAY_WRITE_MEMORY=false,"{""fast"":9,""slow"":21,""horizon"":12,""memoryFilter"":false,""memoryMinLosses"":2,""regime"":""off""}",2026-03-17T16:36:00Z,2026-07-15T16:04:59.999Z,24,11,13,45.8333,0.6614,-1.3795,-0.0575,1.9636,10,"0 incomplete setups excluded; per-setup study, non-compounding"
2026-07-15T16:09:54.887Z,local-replay,replay:raw,BTCUSDT,5m,donchian-breakout INTERVAL=1h REPLAY_CANDLES=9600 EVAL_HORIZON=24 FEE_BPS=30 REPLAY_WRITE_MEMORY=false,"{""fast"":9,""slow"":21,""horizon"":12,""memoryFilter"":false,""memoryMinLosses"":2,""regime"":""off""}",2026-03-17T16:36:00Z,2026-07-15T16:04:59.999Z,24,11,13,45.8333,0.6614,-1.3795,-0.0575,1.9636,10,"0 incomplete setups excluded; per-setup study, non-compounding"
2026-07-15T16:09:57.528Z,local-replay,replay:raw,BTCUSDT,5m,donchian-breakout INTERVAL=1h REPLAY_CANDLES=9600 EVAL_HORIZON=24 FEE_BPS=30 REPLAY_WRITE_MEMORY=false,"{""fast"":9,""slow"":21,""horizon"":12,""memoryFilter"":false,""memoryMinLosses"":2,""regime"":""off""}",2026-03-17T16:36:00Z,2026-07-15T16:04:59.999Z,24,11,13,45.8333,0.6614,-1.3795,-0.0575,1.9636,10,"0 incomplete setups excluded; per-setup study, non-compounding"
2026-07-15T16:10:00.410Z,local-replay,replay:raw,ETHUSDT,5m,donchian-breakout INTERVAL=1h REPLAY_CANDLES=9600 EVAL_HORIZON=24 FEE_BPS=30 REPLAY_WRITE_MEMORY=false,"{""fast"":9,""slow"":21,""horizon"":12,""memoryFilter"":false,""memoryMinLosses"":2,""regime"":""off""}",2026-03-17T16:36:00Z,2026-07-15T16:09:59.999Z,24,11,13,45.8333,0.3884,-3.8501,-0.1604,3.9572,10,"0 incomplete setups excluded; per-setup study, non-compounding"
2026-07-15T16:10:03.566Z,local-replay,replay:raw,ETHUSDT,5m,donchian-breakout INTERVAL=1h REPLAY_CANDLES=9600 EVAL_HORIZON=24 FEE_BPS=30 REPLAY_WRITE_MEMORY=false,"{""fast"":9,""slow"":21,""horizon"":12,""memoryFilter"":false,""memoryMinLosses"":2,""regime"":""off""}",2026-03-17T16:36:00Z,2026-07-15T16:09:59.999Z,24,11,13,45.8333,0.3884,-3.8501,-0.1604,3.9572,10,"0 incomplete setups excluded; per-setup study, non-compounding"
2026-07-15T16:10:06.328Z,local-replay,replay:raw,ETHUSDT,5m,donchian-breakout INTERVAL=1h REPLAY_CANDLES=9600 EVAL_HORIZON=24 FEE_BPS=30 REPLAY_WRITE_MEMORY=false,"{""fast"":9,""slow"":21,""horizon"":12,""memoryFilter"":false,""memoryMinLosses"":2,""regime"":""off""}",2026-03-17T16:36:00Z,2026-07-15T16:09:59.999Z,24,11,13,45.8333,0.3884,-3.8501,-0.1604,3.9572,10,"0 incomplete setups excluded; per-setup study, non-compounding"
2026-07-15T16:10:09.315Z,local-replay,replay:raw,SOLUSDT,5m,donchian-breakout INTERVAL=1h REPLAY_CANDLES=9600 EVAL_HORIZON=24 FEE_BPS=30 REPLAY_WRITE_MEMORY=false,"{""fast"":9,""slow"":21,""horizon"":12,""memoryFilter"":false,""memoryMinLosses"":2,""regime"":""off""}",2026-03-17T16:36:00Z,2026-07-15T16:09:59.999Z,27,13,14,48.1481,0.7328,-1.8142,-0.0672,4.1555,10,"2 incomplete setups excluded; per-setup study, non-compounding"
2026-07-15T16:10:11.969Z,local-replay,replay:raw,SOLUSDT,5m,donchian-breakout INTERVAL=1h REPLAY_CANDLES=9600 EVAL_HORIZON=24 FEE_BPS=30 REPLAY_WRITE_MEMORY=false,"{""fast"":9,""slow"":21,""horizon"":12,""memoryFilter"":false,""memoryMinLosses"":2,""regime"":""off""}",2026-03-17T16:36:00Z,2026-07-15T16:09:59.999Z,27,13,14,48.1481,0.7328,-1.8142,-0.0672,4.1555,10,"2 incomplete setups excluded; per-setup study, non-compounding"
2026-07-15T16:10:14.567Z,local-replay,replay:raw,SOLUSDT,5m,donchian-breakout INTERVAL=1h REPLAY_CANDLES=9600 EVAL_HORIZON=24 FEE_BPS=30 REPLAY_WRITE_MEMORY=false,"{""fast"":9,""slow"":21,""horizon"":12,""memoryFilter"":false,""memoryMinLosses"":2,""regime"":""off""}",2026-03-17T16:36:00Z,2026-07-15T16:09:59.999Z,27,13,14,48.1481,0.7328,-1.8142,-0.0672,4.1555,10,"2 incomplete setups excluded; per-setup study, non-compounding"
2026-07-15T16:11:39.762Z,local-replay,replay:raw,BTCUSDT,1h,donchian-breakout,"{""len"":20,""horizon"":24,""trendAlign"":""off"",""longOnly"":false,""memoryFilter"":false}",2025-06-10T17:59:59.999Z,2026-03-17T16:36:00Z,445,190,255,42.6966,0.6487,-156.3222,-0.3513,166.3219,30,"1 incomplete setups excluded; per-setup study, non-compounding"
2026-07-15T16:11:43.665Z,local-replay,replay:raw,BTCUSDT,1h,donchian-breakout,"{""len"":20,""horizon"":24,""trendAlign"":""off"",""longOnly"":false,""memoryFilter"":false}",2026-03-17T16:36:00Z,2026-07-15T15:59:59.999Z,185,91,94,49.1892,0.7803,-37.4745,-0.2026,70.548,30,"0 incomplete setups excluded; per-setup study, non-compounding"
2026-07-15T16:11:47.985Z,local-replay,replay:raw,BTCUSDT,1h,donchian-breakout,"{""len"":20,""horizon"":24,""trendAlign"":""sma200"",""longOnly"":false,""memoryFilter"":false}",2025-06-10T17:59:59.999Z,2026-03-17T16:36:00Z,318,137,181,43.0818,0.6516,-114.4465,-0.3599,121.7091,30,"1 incomplete setups excluded; per-setup study, non-compounding"
2026-07-15T16:11:51.841Z,local-replay,replay:raw,BTCUSDT,1h,donchian-breakout,"{""len"":20,""horizon"":24,""trendAlign"":""sma200"",""longOnly"":false,""memoryFilter"":false}",2026-03-17T16:36:00Z,2026-07-15T15:59:59.999Z,139,71,68,51.0791,0.8728,-15.7752,-0.1135,46.0951,30,"0 incomplete setups excluded; per-setup study, non-compounding"
2026-07-15T16:11:55.517Z,local-replay,replay:raw,BTCUSDT,1h,donchian-breakout,"{""len"":20,""horizon"":24,""trendAlign"":""off"",""longOnly"":true,""memoryFilter"":false}",2025-06-10T17:59:59.999Z,2026-03-17T16:36:00Z,234,89,145,38.0342,0.4624,-132.9576,-0.5682,144.4114,30,"1 incomplete setups excluded; per-setup study, non-compounding"
2026-07-15T16:11:59.619Z,local-replay,replay:raw,BTCUSDT,1h,donchian-breakout,"{""len"":20,""horizon"":24,""trendAlign"":""off"",""longOnly"":true,""memoryFilter"":false}",2026-03-17T16:36:00Z,2026-07-15T15:59:59.999Z,84,41,43,48.8095,0.6269,-23.194,-0.2761,29.4478,30,"0 incomplete setups excluded; per-setup study, non-compounding"
2026-07-15T16:12:03.322Z,local-replay,replay:raw,ETHUSDT,1h,donchian-breakout,"{""len"":20,""horizon"":24,""trendAlign"":""off"",""longOnly"":false,""memoryFilter"":false}",2025-06-10T17:59:59.999Z,2026-03-17T16:36:00Z,419,195,224,46.5394,0.9412,-34.3863,-0.0821,132.1497,30,"2 incomplete setups excluded; per-setup study, non-compounding"
2026-07-15T16:12:07.088Z,local-replay,replay:raw,ETHUSDT,1h,donchian-breakout,"{""len"":20,""horizon"":24,""trendAlign"":""off"",""longOnly"":false,""memoryFilter"":false}",2026-03-17T16:36:00Z,2026-07-15T15:59:59.999Z,166,72,94,43.3735,0.5841,-94.4144,-0.5688,112.4891,30,"1 incomplete setups excluded; per-setup study, non-compounding"
2026-07-15T16:12:11.219Z,local-replay,replay:raw,ETHUSDT,1h,donchian-breakout,"{""len"":20,""horizon"":24,""trendAlign"":""sma200"",""longOnly"":false,""memoryFilter"":false}",2025-06-10T17:59:59.999Z,2026-03-17T16:36:00Z,307,144,163,46.9055,0.9638,-15.4115,-0.0502,129.3221,30,"2 incomplete setups excluded; per-setup study, non-compounding"
2026-07-15T16:12:15.286Z,local-replay,replay:raw,ETHUSDT,1h,donchian-breakout,"{""len"":20,""horizon"":24,""trendAlign"":""sma200"",""longOnly"":false,""memoryFilter"":false}",2026-03-17T16:36:00Z,2026-07-15T15:59:59.999Z,120,50,70,41.6667,0.604,-66.0291,-0.5502,81.1766,30,"1 incomplete setups excluded; per-setup study, non-compounding"
2026-07-15T16:12:19.161Z,local-replay,replay:raw,ETHUSDT,1h,donchian-breakout,"{""len"":20,""horizon"":24,""trendAlign"":""off"",""longOnly"":true,""memoryFilter"":false}",2025-06-10T17:59:59.999Z,2026-03-17T16:36:00Z,222,97,125,43.6937,0.9093,-28.1211,-0.1267,121.7807,30,"2 incomplete setups excluded; per-setup study, non-compounding"
2026-07-15T16:12:22.878Z,local-replay,replay:raw,ETHUSDT,1h,donchian-breakout,"{""len"":20,""horizon"":24,""trendAlign"":""off"",""longOnly"":true,""memoryFilter"":false}",2026-03-17T16:36:00Z,2026-07-15T15:59:59.999Z,75,30,45,40,0.5726,-42.306,-0.5641,65.8177,30,"1 incomplete setups excluded; per-setup study, non-compounding"
2026-07-15T16:12:26.503Z,local-replay,replay:raw,SOLUSDT,1h,donchian-breakout,"{""len"":20,""horizon"":24,""trendAlign"":""off"",""longOnly"":false,""memoryFilter"":false}",2025-06-10T17:59:59.999Z,2026-03-17T16:36:00Z,454,232,222,51.1013,0.9292,-52.3074,-0.1152,119.0268,30,"1 incomplete setups excluded; per-setup study, non-compounding"
2026-07-15T16:12:30.423Z,local-replay,replay:raw,SOLUSDT,1h,donchian-breakout,"{""len"":20,""horizon"":24,""trendAlign"":""off"",""longOnly"":false,""memoryFilter"":false}",2026-03-17T16:36:00Z,2026-07-15T15:59:59.999Z,181,80,101,44.1989,0.6782,-85.0259,-0.4698,94.3932,30,"1 incomplete setups excluded; per-setup study, non-compounding"
2026-07-15T16:12:34.407Z,local-replay,replay:raw,SOLUSDT,1h,donchian-breakout,"{""len"":20,""horizon"":24,""trendAlign"":""sma200"",""longOnly"":false,""memoryFilter"":false}",2025-06-10T17:59:59.999Z,2026-03-17T16:36:00Z,327,158,169,48.318,0.8021,-114.4608,-0.35,171.7841,30,"1 incomplete setups excluded; per-setup study, non-compounding"
2026-07-15T16:12:38.389Z,local-replay,replay:raw,SOLUSDT,1h,donchian-breakout,"{""len"":20,""horizon"":24,""trendAlign"":""sma200"",""longOnly"":false,""memoryFilter"":false}",2026-03-17T16:36:00Z,2026-07-15T15:59:59.999Z,135,60,75,44.4444,0.7159,-56.1223,-0.4157,80.0076,30,"1 incomplete setups excluded; per-setup study, non-compounding"
2026-07-15T16:12:41.944Z,local-replay,replay:raw,SOLUSDT,1h,donchian-breakout,"{""len"":20,""horizon"":24,""trendAlign"":""off"",""longOnly"":true,""memoryFilter"":false}",2025-06-10T17:59:59.999Z,2026-03-17T16:36:00Z,237,125,112,52.7426,0.975,-9.1179,-0.0385,98.4266,30,"1 incomplete setups excluded; per-setup study, non-compounding"
2026-07-15T16:12:45.909Z,local-replay,replay:raw,SOLUSDT,1h,donchian-breakout,"{""len"":20,""horizon"":24,""trendAlign"":""off"",""longOnly"":true,""memoryFilter"":false}",2026-03-17T16:36:00Z,2026-07-15T15:59:59.999Z,85,35,50,41.1765,0.7034,-34.1086,-0.4013,57.1211,30,"1 incomplete setups excluded; per-setup study, non-compounding"
2026-07-15T16:13:22.742Z,local-replay,replay:raw,BTCUSDT,1h,donchian-breakout,"{""len"":20,""horizon"":24,""trendAlign"":""off"",""longOnly"":false,""memoryFilter"":false}",2026-03-17T16:36:00Z,2026-07-15T15:59:59.999Z,185,94,91,50.8108,0.9969,-0.4745,-0.0026,51.9942,10,"0 incomplete setups excluded; per-setup study, non-compounding"
2026-07-15T16:13:26.842Z,local-replay,replay:raw,BTCUSDT,1h,donchian-breakout,"{""len"":20,""horizon"":24,""trendAlign"":""sma200"",""longOnly"":false,""memoryFilter"":false}",2026-03-17T16:36:00Z,2026-07-15T15:59:59.999Z,139,73,66,52.518,1.1087,12.0248,0.0865,32.6974,10,"0 incomplete setups excluded; per-setup study, non-compounding"
2026-07-15T16:13:30.500Z,local-replay,replay:raw,BTCUSDT,1h,donchian-breakout,"{""len"":20,""horizon"":24,""trendAlign"":""off"",""longOnly"":true,""memoryFilter"":false}",2026-03-17T16:36:00Z,2026-07-15T15:59:59.999Z,84,43,41,51.1905,0.8809,-6.394,-0.0761,15.6918,10,"0 incomplete setups excluded; per-setup study, non-compounding"
2026-07-15T16:24:05.937Z,local-replay,replay:raw,BTCUSDT,1d,tsmom,"{""lookback"":28,""horizon"":28,""longOnly"":false,""memoryFilter"":false}",2017-08-17T23:59:59.999Z,2023-11-12T02:24:00Z,175,88,87,50.2857,1.1072,144.483,0.8256,132.1398,30,"0 incomplete setups excluded; per-setup study, non-compounding"
2026-07-15T16:24:08.277Z,local-replay,replay:raw,BTCUSDT,1d,tsmom,"{""lookback"":28,""horizon"":28,""longOnly"":false,""memoryFilter"":false}",2023-11-12T02:24:00Z,2026-07-14T23:59:59.999Z,95,48,47,50.5263,0.9982,-0.8891,-0.0094,72.4005,30,"4 incomplete setups excluded; per-setup study, non-compounding"
2026-07-15T16:24:10.564Z,local-replay,replay:raw,BTCUSDT,1d,sma-cross,"{""fast"":1,""slow"":100,""horizon"":28,""memoryFilter"":false,""memoryMinLosses"":2,""regime"":""off""}",2017-08-17T23:59:59.999Z,2023-11-12T02:24:00Z,73,41,32,56.1644,1.0425,25.1522,0.3446,59.5165,30,"1 incomplete setups excluded; per-setup study, non-compounding"
2026-07-15T16:24:12.756Z,local-replay,replay:raw,BTCUSDT,1d,sma-cross,"{""fast"":1,""slow"":100,""horizon"":28,""memoryFilter"":false,""memoryMinLosses"":2,""regime"":""off""}",2023-11-12T02:24:00Z,2026-07-14T23:59:59.999Z,41,21,20,51.2195,1.18,31.7701,0.7749,43.6862,30,"0 incomplete setups excluded; per-setup study, non-compounding"
2026-07-15T16:24:15.219Z,local-replay,replay:raw,BTCUSDT,1d,tsmom,"{""lookback"":28,""horizon"":28,""longOnly"":true,""memoryFilter"":false}",2017-08-17T23:59:59.999Z,2023-11-12T02:24:00Z,88,39,49,44.3182,1.2583,165.5226,1.8809,229.0943,30,"0 incomplete setups excluded; per-setup study, non-compounding"
2026-07-15T16:24:17.414Z,local-replay,replay:raw,BTCUSDT,1d,tsmom,"{""lookback"":28,""horizon"":28,""longOnly"":true,""memoryFilter"":false}",2023-11-12T02:24:00Z,2026-07-14T23:59:59.999Z,47,26,21,55.3191,1.5223,98.005,2.0852,101.5901,30,"2 incomplete setups excluded; per-setup study, non-compounding"
2026-07-15T16:24:19.917Z,local-replay,replay:raw,ETHUSDT,1d,tsmom,"{""lookback"":28,""horizon"":28,""longOnly"":false,""memoryFilter"":false}",2017-08-17T23:59:59.999Z,2023-11-12T02:24:00Z,190,94,96,49.4737,1.0566,107.7506,0.5671,121.6178,30,"1 incomplete setups excluded; per-setup study, non-compounding"
2026-07-15T16:24:22.467Z,local-replay,replay:raw,ETHUSDT,1d,tsmom,"{""lookback"":28,""horizon"":28,""longOnly"":false,""memoryFilter"":false}",2023-11-12T02:24:00Z,2026-07-14T23:59:59.999Z,77,36,41,46.7532,1.044,32.9502,0.4279,95.8114,30,"3 incomplete setups excluded; per-setup study, non-compounding"
2026-07-15T16:24:24.687Z,local-replay,replay:raw,ETHUSDT,1d,sma-cross,"{""fast"":1,""slow"":100,""horizon"":28,""memoryFilter"":false,""memoryMinLosses"":2,""regime"":""off""}",2017-08-17T23:59:59.999Z,2023-11-12T02:24:00Z,75,40,35,53.3333,1.069,45.8279,0.611,106.2944,30,"1 incomplete setups excluded; per-setup study, non-compounding"
2026-07-15T16:24:26.944Z,local-replay,replay:raw,ETHUSDT,1d,sma-cross,"{""fast"":1,""slow"":100,""horizon"":28,""memoryFilter"":false,""memoryMinLosses"":2,""regime"":""off""}",2023-11-12T02:24:00Z,2026-07-14T23:59:59.999Z,41,21,20,51.2195,1,0.0001,0,74.1544,30,"0 incomplete setups excluded; per-setup study, non-compounding"
2026-07-15T16:24:29.287Z,local-replay,replay:raw,ETHUSDT,1d,tsmom,"{""lookback"":28,""horizon"":28,""longOnly"":true,""memoryFilter"":false}",2017-08-17T23:59:59.999Z,2023-11-12T02:24:00Z,95,58,37,61.0526,2.7761,942.1723,9.9176,195.2099,30,"1 incomplete setups excluded; per-setup study, non-compounding"
2026-07-15T16:24:31.622Z,local-replay,replay:raw,ETHUSDT,1d,tsmom,"{""lookback"":28,""horizon"":28,""longOnly"":true,""memoryFilter"":false}",2023-11-12T02:24:00Z,2026-07-14T23:59:59.999Z,38,17,21,44.7368,1.3285,110.4435,2.9064,217.4009,30,"2 incomplete setups excluded; per-setup study, non-compounding"
2026-07-15T16:24:33.625Z,local-replay,replay:raw,SOLUSDT,1d,tsmom,"{""lookback"":28,""horizon"":28,""longOnly"":false,""memoryFilter"":false}",2020-08-11T23:59:59.999Z,2024-10-04T02:24:00Z,98,55,43,56.1224,1.3388,484.7721,4.9467,217.7608,30,"1 incomplete setups excluded; per-setup study, non-compounding"
2026-07-15T16:24:35.581Z,local-replay,replay:raw,SOLUSDT,1d,tsmom,"{""lookback"":28,""horizon"":28,""longOnly"":false,""memoryFilter"":false}",2024-10-04T02:24:00Z,2026-07-14T23:59:59.999Z,49,23,26,46.9388,1.1076,37.0439,0.756,44.715,30,"1 incomplete setups excluded; per-setup study, non-compounding"
2026-07-15T16:24:37.937Z,local-replay,replay:raw,SOLUSDT,1d,sma-cross,"{""fast"":1,""slow"":100,""horizon"":28,""memoryFilter"":false,""memoryMinLosses"":2,""regime"":""off""}",2020-08-11T23:59:59.999Z,2024-10-04T02:24:00Z,70,34,36,48.5714,1.1276,134.7689,1.9253,195.5045,30,"4 incomplete setups excluded; per-setup study, non-compounding"
2026-07-15T16:24:39.992Z,local-replay,replay:raw,SOLUSDT,1d,sma-cross,"{""fast"":1,""slow"":100,""horizon"":28,""memoryFilter"":false,""memoryMinLosses"":2,""regime"":""off""}",2024-10-04T02:24:00Z,2026-07-14T23:59:59.999Z,34,16,18,47.0588,0.9995,-0.1587,-0.0047,78.4604,30,"2 incomplete setups excluded; per-setup study, non-compounding"
2026-07-15T16:24:42.174Z,local-replay,replay:raw,SOLUSDT,1d,tsmom,"{""lookback"":28,""horizon"":28,""longOnly"":true,""memoryFilter"":false}",2020-08-11T23:59:59.999Z,2024-10-04T02:24:00Z,49,25,24,51.0204,2.7205,876.5251,17.8883,215.1338,30,"1 incomplete setups excluded; per-setup study, non-compounding"
2026-07-15T16:24:44.167Z,local-replay,replay:raw,SOLUSDT,1d,tsmom,"{""lookback"":28,""horizon"":28,""longOnly"":true,""memoryFilter"":false}",2024-10-04T02:24:00Z,2026-07-14T23:59:59.999Z,24,9,15,37.5,0.5969,-84.7845,-3.5327,134.9106,30,"1 incomplete setups excluded; per-setup study, non-compounding"
2026-07-15T16:24:46.379Z,local-replay,replay:raw,BTCUSDT,1d,tsmom,"{""lookback"":28,""horizon"":28,""longOnly"":false,""memoryFilter"":false}",2023-11-12T02:24:00Z,2026-07-14T23:59:59.999Z,95,48,47,50.5263,1.0381,18.1109,0.1906,61.4005,10,"4 incomplete setups excluded; per-setup study, non-compounding"
2026-07-15T16:24:48.658Z,local-replay,replay:raw,BTCUSDT,1d,sma-cross,"{""fast"":1,""slow"":100,""horizon"":28,""memoryFilter"":false,""memoryMinLosses"":2,""regime"":""off""}",2023-11-12T02:24:00Z,2026-07-14T23:59:59.999Z,41,22,19,53.6585,1.2315,39.9701,0.9749,40.2862,10,"0 incomplete setups excluded; per-setup study, non-compounding"
2026-07-15T16:24:50.931Z,local-replay,replay:raw,BTCUSDT,1d,tsmom,"{""lookback"":28,""horizon"":28,""longOnly"":true,""memoryFilter"":false}",2023-11-12T02:24:00Z,2026-07-14T23:59:59.999Z,47,26,21,55.3191,1.5854,107.405,2.2852,98.9901,10,"2 incomplete setups excluded; per-setup study, non-compounding"
2026-07-15T16:55:00Z,tradingview-mcp,tv-strategy-tester,BINANCE:ETHUSDT,1d,tsmom-pine,"{""lookback"":28,""hold"":28,""longOnly"":true,""window"":""in-sample""}",2017-08-17,2023-11-12T02:24Z,96,35,61,36.46,2.3171,51.735,,6.486,30,Trial 04 TV confirmation ETH v3; position-based semantics (flip entries + 28-bar time exit); net% on 100k equity
2026-07-15T16:56:00Z,tradingview-mcp,tv-strategy-tester,BINANCE:ETHUSDT,1d,tsmom-pine,"{""lookback"":28,""hold"":28,""longOnly"":true,""window"":""out-of-sample""}",2023-11-12T02:24Z,2026-07-15T16:56Z,39,13,26,33.33,1.6726,8.3407,,4.425,30,Trial 04 TV confirmation ETH v3 OOS — PASSES (PF 1.67) while buy-and-hold lost over the same window
2026-07-15T16:57:00Z,tradingview-mcp,tv-strategy-tester,BINANCE:SOLUSDT,1d,tsmom-pine,"{""lookback"":28,""hold"":28,""longOnly"":false,""window"":""in-sample""}",2020-08-11,2024-10-04T02:24Z,99,42,57,42.42,2.4973,91.5645,,9.156,30,Trial 04 TV confirmation SOL v1; net% on 100k equity
2026-07-15T16:58:00Z,tradingview-mcp,tv-strategy-tester,BINANCE:SOLUSDT,1d,tsmom-pine,"{""lookback"":28,""hold"":28,""longOnly"":false,""window"":""out-of-sample""}",2024-10-04T02:24Z,2026-07-15T16:58Z,49,20,29,40.82,1.1133,1.7848,,4.667,30,Trial 04 TV confirmation SOL v1 OOS — marginal pass (PF 1.11; Sharpe ≈ 0) while buy-and-hold lost ~64%
2026-07-15T16:50:52.940Z,local-replay,replay:raw,BNBUSDT,1d,tsmom,"{""lookback"":28,""horizon"":28,""longOnly"":true,""memoryFilter"":false}",2017-11-06T23:59:59.999Z,2023-12-06T09:36:00Z,90,45,45,50,2.2739,654.1856,7.2687,244.546,30,"1 incomplete setups excluded; per-setup study, non-compounding"
2026-07-15T16:50:55.177Z,local-replay,replay:raw,BNBUSDT,1d,tsmom,"{""lookback"":28,""horizon"":28,""longOnly"":true,""memoryFilter"":false}",2023-12-06T09:36:00Z,2026-07-14T23:59:59.999Z,46,29,17,63.0435,2.9098,203.3873,4.4215,37.85,30,"1 incomplete setups excluded; per-setup study, non-compounding"
2026-07-15T16:50:57.580Z,local-replay,replay:raw,BNBUSDT,1d,tsmom,"{""lookback"":28,""horizon"":28,""longOnly"":false,""memoryFilter"":false}",2017-11-06T23:59:59.999Z,2023-12-06T09:36:00Z,180,89,91,49.4444,1.0368,60.2459,0.3347,175.9475,30,"3 incomplete setups excluded; per-setup study, non-compounding"
2026-07-15T16:50:59.941Z,local-replay,replay:raw,BNBUSDT,1d,tsmom,"{""lookback"":28,""horizon"":28,""longOnly"":false,""memoryFilter"":false}",2023-12-06T09:36:00Z,2026-07-14T23:59:59.999Z,91,42,49,46.1538,0.9727,-11.6154,-0.1276,92.756,30,"2 incomplete setups excluded; per-setup study, non-compounding"
2026-07-15T16:51:02.179Z,local-replay,replay:raw,XRPUSDT,1d,tsmom,"{""lookback"":28,""horizon"":28,""longOnly"":true,""memoryFilter"":false}",2018-05-04T23:59:59.999Z,2024-01-29T02:24:00Z,74,31,43,41.8919,1.904,593.5814,8.0214,176.8039,30,"1 incomplete setups excluded; per-setup study, non-compounding"
2026-07-15T16:51:04.234Z,local-replay,replay:raw,XRPUSDT,1d,tsmom,"{""lookback"":28,""horizon"":28,""longOnly"":true,""memoryFilter"":false}",2024-01-29T02:24:00Z,2026-07-14T23:59:59.999Z,39,13,26,33.3333,1.843,247.6551,6.3501,158.6481,30,"1 incomplete setups excluded; per-setup study, non-compounding"
2026-07-15T16:51:06.185Z,local-replay,replay:raw,XRPUSDT,1d,tsmom,"{""lookback"":28,""horizon"":28,""longOnly"":false,""memoryFilter"":false}",2018-05-04T23:59:59.999Z,2024-01-29T02:24:00Z,148,75,73,50.6757,1.163,266.1219,1.7981,174.0087,30,"2 incomplete setups excluded; per-setup study, non-compounding"
2026-07-15T16:51:08.387Z,local-replay,replay:raw,XRPUSDT,1d,tsmom,"{""lookback"":28,""horizon"":28,""longOnly"":false,""memoryFilter"":false}",2024-01-29T02:24:00Z,2026-07-14T23:59:59.999Z,78,39,39,50,1.6919,330.4943,4.2371,81.1348,30,"2 incomplete setups excluded; per-setup study, non-compounding"
2026-07-15T16:51:10.555Z,local-replay,replay:raw,DOGEUSDT,1d,tsmom,"{""lookback"":28,""horizon"":28,""longOnly"":true,""memoryFilter"":false}",2019-07-05T23:59:59.999Z,2024-06-05T04:48:00Z,60,36,24,60,7.8305,2400.9722,40.0162,160.3347,30,"3 incomplete setups excluded; per-setup study, non-compounding"
2026-07-15T16:51:12.539Z,local-replay,replay:raw,DOGEUSDT,1d,tsmom,"{""lookback"":28,""horizon"":28,""longOnly"":true,""memoryFilter"":false}",2024-06-05T04:48:00Z,2026-07-14T23:59:59.999Z,26,14,12,53.8462,0.9565,-8.1991,-0.3154,95.5185,30,"0 incomplete setups excluded; per-setup study, non-compounding"
2026-07-15T16:51:14.675Z,local-replay,replay:raw,DOGEUSDT,1d,tsmom,"{""lookback"":28,""horizon"":28,""longOnly"":false,""memoryFilter"":false}",2019-07-05T23:59:59.999Z,2024-06-05T04:48:00Z,120,68,52,56.6667,1.2038,547.8307,4.5653,722.0005,30,"5 incomplete setups excluded; per-setup study, non-compounding"
2026-07-15T16:51:16.936Z,local-replay,replay:raw,DOGEUSDT,1d,tsmom,"{""lookback"":28,""horizon"":28,""longOnly"":false,""memoryFilter"":false}",2024-06-05T04:48:00Z,2026-07-14T23:59:59.999Z,53,29,24,54.717,1.2377,82.4858,1.5563,58.1025,30,"0 incomplete setups excluded; per-setup study, non-compounding"
2026-07-15T16:51:19.335Z,local-replay,replay:raw,ADAUSDT,1d,tsmom,"{""lookback"":28,""horizon"":28,""longOnly"":true,""memoryFilter"":false}",2018-04-17T23:59:59.999Z,2024-01-24T00:00:00Z,63,33,30,52.381,1.8195,484.7254,7.6941,275.3561,30,"0 incomplete setups excluded; per-setup study, non-compounding"
2026-07-15T16:51:21.575Z,local-replay,replay:raw,ADAUSDT,1d,tsmom,"{""lookback"":28,""horizon"":28,""longOnly"":true,""memoryFilter"":false}",2024-01-24T00:00:00Z,2026-07-14T23:59:59.999Z,44,11,33,25,1.4196,245.8263,5.587,398.3548,30,"1 incomplete setups excluded; per-setup study, non-compounding"
2026-07-15T16:51:23.890Z,local-replay,replay:raw,ADAUSDT,1d,tsmom,"{""lookback"":28,""horizon"":28,""longOnly"":false,""memoryFilter"":false}",2018-04-17T23:59:59.999Z,2024-01-24T00:00:00Z,126,73,53,57.9365,1.1308,202.3577,1.606,234.7527,30,"1 incomplete setups excluded; per-setup study, non-compounding"
2026-07-15T16:51:26.478Z,local-replay,replay:raw,ADAUSDT,1d,tsmom,"{""lookback"":28,""horizon"":28,""longOnly"":false,""memoryFilter"":false}",2024-01-24T00:00:00Z,2026-07-14T23:59:59.999Z,88,43,45,48.8636,1.099,122.6511,1.3938,211.9004,30,"2 incomplete setups excluded; per-setup study, non-compounding"
2026-07-15T16:51:28.495Z,local-replay,replay:raw,LINKUSDT,1d,tsmom,"{""lookback"":28,""horizon"":28,""longOnly"":true,""memoryFilter"":false}",2019-01-16T23:59:59.999Z,2024-04-15T04:48:00Z,69,38,31,55.0725,1.9384,398.9453,5.7818,105.2386,30,"2 incomplete setups excluded; per-setup study, non-compounding"
2026-07-15T16:51:30.533Z,local-replay,replay:raw,LINKUSDT,1d,tsmom,"{""lookback"":28,""horizon"":28,""longOnly"":true,""memoryFilter"":false}",2024-04-15T04:48:00Z,2026-07-14T23:59:59.999Z,40,20,20,50,1.1705,55.9455,1.3986,166.3402,30,"3 incomplete setups excluded; per-setup study, non-compounding"
2026-07-15T16:51:32.774Z,local-replay,replay:raw,LINKUSDT,1d,tsmom,"{""lookback"":28,""horizon"":28,""longOnly"":false,""memoryFilter"":false}",2019-01-16T23:59:59.999Z,2024-04-15T04:48:00Z,137,69,68,50.365,1.0987,116.3116,0.849,157.2474,30,"4 incomplete setups excluded; per-setup study, non-compounding"
2026-07-15T16:51:34.842Z,local-replay,replay:raw,LINKUSDT,1d,tsmom,"{""lookback"":28,""horizon"":28,""longOnly"":false,""memoryFilter"":false}",2024-04-15T04:48:00Z,2026-07-14T23:59:59.999Z,80,40,40,50,1.1603,101.2531,1.2657,70.0945,30,"5 incomplete setups excluded; per-setup study, non-compounding"
2026-07-15T16:51:59.936Z,local-replay,replay:raw,SPY,1d,tsmom,"{""lookback"":28,""horizon"":28,""longOnly"":true,""memoryFilter"":false}",2018-11-02T03:59:59.999Z,2024-03-23T13:36:00Z,28,19,9,67.8571,1.717,36.3905,1.2997,42.7418,30,"0 incomplete setups excluded; per-setup study, non-compounding"
2026-07-15T16:52:01.150Z,local-replay,replay:raw,SPY,1d,tsmom,"{""lookback"":28,""horizon"":28,""longOnly"":true,""memoryFilter"":false}",2024-03-23T13:36:00Z,2026-07-15T03:59:59.999Z,24,14,10,58.3333,1.1655,6.7183,0.2799,27.5916,30,"1 incomplete setups excluded; per-setup study, non-compounding"
2026-07-15T16:52:02.222Z,local-replay,replay:raw,SPY,1d,tsmom,"{""lookback"":28,""horizon"":28,""longOnly"":false,""memoryFilter"":false}",2018-11-02T03:59:59.999Z,2024-03-23T13:36:00Z,56,31,25,55.3571,0.8924,-16.9008,-0.3018,35.2844,30,"0 incomplete setups excluded; per-setup study, non-compounding"
2026-07-15T16:52:02.955Z,local-replay,replay:raw,SPY,1d,tsmom,"{""lookback"":28,""horizon"":28,""longOnly"":false,""memoryFilter"":false}",2024-03-23T13:36:00Z,2026-07-15T03:59:59.999Z,48,23,25,47.9167,0.9037,-9.2268,-0.1922,24.8636,30,"3 incomplete setups excluded; per-setup study, non-compounding"
2026-07-15T16:52:03.846Z,local-replay,replay:raw,QQQ,1d,tsmom,"{""lookback"":28,""horizon"":28,""longOnly"":true,""memoryFilter"":false}",2020-07-28T03:59:59.999Z,2024-09-29T18:24:00Z,33,19,14,57.5758,1.0777,6.7887,0.2057,56.747,30,"2 incomplete setups excluded; per-setup study, non-compounding"
2026-07-15T16:52:04.618Z,local-replay,replay:raw,QQQ,1d,tsmom,"{""lookback"":28,""horizon"":28,""longOnly"":true,""memoryFilter"":false}",2024-09-29T18:24:00Z,2026-07-15T03:59:59.999Z,13,7,6,53.8462,1.2351,8.4221,0.6479,27.0817,30,"2 incomplete setups excluded; per-setup study, non-compounding"
2026-07-15T16:52:05.438Z,local-replay,replay:raw,QQQ,1d,tsmom,"{""lookback"":28,""horizon"":28,""longOnly"":false,""memoryFilter"":false}",2020-07-28T03:59:59.999Z,2024-09-29T18:24:00Z,67,33,34,49.2537,0.796,-45.976,-0.6862,65.0845,30,"3 incomplete setups excluded; per-setup study, non-compounding"
2026-07-15T16:52:06.186Z,local-replay,replay:raw,QQQ,1d,tsmom,"{""lookback"":28,""horizon"":28,""longOnly"":false,""memoryFilter"":false}",2024-09-29T18:24:00Z,2026-07-15T03:59:59.999Z,26,14,12,53.8462,1.217,14.4422,0.5555,15.0334,30,"5 incomplete setups excluded; per-setup study, non-compounding"
2026-07-15T16:52:06.828Z,local-replay,replay:raw,AAPL,1d,tsmom,"{""lookback"":28,""horizon"":28,""longOnly"":true,""memoryFilter"":false}",2020-07-28T03:59:59.999Z,2024-09-29T18:24:00Z,36,21,15,58.3333,1.8793,95.9154,2.6643,49.8819,30,"2 incomplete setups excluded; per-setup study, non-compounding"
2026-07-15T16:52:07.429Z,local-replay,replay:raw,AAPL,1d,tsmom,"{""lookback"":28,""horizon"":28,""longOnly"":true,""memoryFilter"":false}",2024-09-29T18:24:00Z,2026-07-15T03:59:59.999Z,16,9,7,56.25,1.634,25.5354,1.596,23.816,30,"1 incomplete setups excluded; per-setup study, non-compounding"
2026-07-15T16:52:08.115Z,local-replay,replay:raw,AAPL,1d,tsmom,"{""lookback"":28,""horizon"":28,""longOnly"":false,""memoryFilter"":false}",2020-07-28T03:59:59.999Z,2024-09-29T18:24:00Z,71,36,35,50.7042,1.1384,38.0791,0.5363,21.7674,30,"3 incomplete setups excluded; per-setup study, non-compounding"
2026-07-15T16:52:08.796Z,local-replay,replay:raw,AAPL,1d,tsmom,"{""lookback"":28,""horizon"":28,""longOnly"":false,""memoryFilter"":false}",2024-09-29T18:24:00Z,2026-07-15T03:59:59.999Z,32,15,17,46.875,0.8875,-12.321,-0.385,28.4174,30,"3 incomplete setups excluded; per-setup study, non-compounding"
2026-07-15T16:52:09.580Z,local-replay,replay:raw,NVDA,1d,tsmom,"{""lookback"":28,""horizon"":28,""longOnly"":true,""memoryFilter"":false}",2020-07-28T03:59:59.999Z,2024-09-29T18:24:00Z,45,19,26,42.2222,1.1957,76.5237,1.7005,177.0772,30,"3 incomplete setups excluded; per-setup study, non-compounding"
2026-07-15T16:52:10.299Z,local-replay,replay:raw,NVDA,1d,tsmom,"{""lookback"":28,""horizon"":28,""longOnly"":true,""memoryFilter"":false}",2024-09-29T18:24:00Z,2026-07-15T03:59:59.999Z,23,12,11,52.1739,1.132,12.5526,0.5458,64.0611,30,"1 incomplete setups excluded; per-setup study, non-compounding"
2026-07-15T16:52:10.968Z,local-replay,replay:raw,NVDA,1d,tsmom,"{""lookback"":28,""horizon"":28,""longOnly"":false,""memoryFilter"":false}",2020-07-28T03:59:59.999Z,2024-09-29T18:24:00Z,91,41,50,45.0549,0.7999,-185.0999,-2.0341,198.3186,30,"6 incomplete setups excluded; per-setup study, non-compounding"
2026-07-15T16:52:11.593Z,local-replay,replay:raw,NVDA,1d,tsmom,"{""lookback"":28,""horizon"":28,""longOnly"":false,""memoryFilter"":false}",2024-09-29T18:24:00Z,2026-07-15T03:59:59.999Z,45,19,26,42.2222,0.7281,-54.6493,-1.2144,80.7907,30,"3 incomplete setups excluded; per-setup study, non-compounding"
2026-07-15T18:20:00Z,local-analysis,trial06-correction,ETH+BNB+ADA+LINK+SOL,1d,tsmom,"{""test"":""drift-adjusted mean excess, bootstrap 10k seed42"",""tiers"":""BH q=0.10 within-5 + Bonferroni N=52 configs"",""N_rows"":112}",per-candidate OOS windows,2026-07-14,,,,,,,,30,TRIAL 06 VERDICT: all 5 candidates FAIL both tiers (p_excess 0.22-0.42; t 0.29-0.76) — demoted to WATCH and pilot-ineligible per pre-registration; BNB raw p=0.004 is beta (drift 3.12%); required forward n at alpha=.05: BNB 491 / ADA 686 / ETH 1270 / SOL 1971 / LINK 3026 setups — per-setup validation infeasible at this signal frequency; details docs/trial_06_multiple_testing_correction.md
2026-07-15T18:40:00Z,local-analysis,trial07-portfolio,ALL-8-CRYPTO,1d,tsmom-portfolio,"{""construction"":""daily-sign L28 long-only"",""cost"":""15bps per unit position change"",""benchmark"":""constant mean-exposure"",""bootstrap"":""10k seed42""}",2017-10,2026-06,105,,,,,,4.299,,30,TRIAL 07 PRIMARY PASS: unselected 8-crypto EW portfolio monthly timing excess +4.30%/mo (t=2.91; p=0.0004; survives even Bonferroni-x53 context 0.021; ann excess Sharpe 0.98). CAVEAT reported with equal weight: OOS-era subsample (>=2023-12, 31mo) mean +1.76%/mo p=0.23 NOT significant — effect concentrated pre-2022, consistent with verified regime/decay literature. Forward confirmation at observed size needs ~77 monthly obs; candidates remain WATCH/pilot-ineligible per pre-registration. docs/trial_07_portfolio_reanalysis.md
